titulo,texto
Chip não funciona,Me ligaram ofrecendo portabilidade. Mas enviaram um chip que não funciona. Ja fiz tudo o que eu podia para obter rede porém o chip nao funciona. Absurdo. Vou voltar para Tim. Fazer o que né?!
QUERO CANCELAR DUAS LINHAS DO MEU PLANO E NÃO CONSIGO,"Tentei cancelar duas linhas pelo telefone na Claro e não consegui, ligação péssima, não entendem o que agente fala etc. Então me dirigi a loja do Shopping Morumbi para atendimento presencial, recebi dois registros de protocolo dia 27/10/20 que em cinco dias úteis iriam me ligar para cancelar, não ligaram e as linhas continuam funcionando e eles cobrando com certeza.
Finalizando aqui o cliente nessa empresa não é respeitado e temos que tentar pelos meios que um cidadão comum de bem consiga ser levado em conta nas suas necessidades. Acredito ser desgastante ter que ir a justiça para desligar duas linhas de celular, mas se necessário for iremos."
Não cumprimento do que foi acordado e sumiço de Protocolos e Gravações,"Meu nome é Italo Vinicius Mendes Ferreira. Sou o dono da linha. Há mais de ano trabalhamos diretamente com a prestadora Claro/NET fazendo uso da Internet e da linha telefônica. Inicialmente nosso plano abrangia 15MG de internet e ligações ilimitadas para qualquer operadora em todo território nacional, fixo ou celular, desde que acompanhado do prefixo 021 - isso ocorre porque trabalhamos com vendas diretas em todo território nacional, sendo necessário realizar ligações constantes. Na data de 05/09/2020 entramos em contato com a prestadora pedindo alteração da VELOCIDADE DE INTERNET (prot. 010204276570948) onde foi acordado o plano de 120MG de velocidade em banda larga sem alteração na telefonia que continuaria ilimitada para todo o Brasil com o uso do 021. Tendo sido formalizado a mudança e confiantes de que tudo que foi exposto e exigido de ambas as partes estava acertado, permanecemos com nosso trabalho normalmente. Até que fomos surpreendidos por algumas alterações indevidas em relação a cobrança de valores. Tivemos um atraso em nossa primeira fatura. No dia 26/10/2020 recebi em meu celular um aviso de que minha fatura, com vencimento no dia 15/10, estava em aberto e era no valor de R$ 97,73 - tenho a mensagem em meu celular e o print que comprovam isso. Então tive queda em minha velocidade de navegação e fiz uma ligação para pedir a regulação do sistema, quando descobri que o valor de minha fatura era de R$ 336,61 e que minha outra fatura já havia sido fechada e poderia também ser paga no valor de R$ 1236,73. Durante esse período eles sempre afirmaram enviar os protocolos das ligações em nosso E-mail; coisa que nunca aconteceu. Então entramos em contato novamente com a prestadora (prot. 01020436649393) onde pedimos a contestação dos valores cobrados com base no que foi acordado com o atendente na ligação do dia 05/09/2020. Eles alegaram, em primeiro lugar, que não havia sido feito acordo algum e que enviariam a ligação para nós, por e-mail para que pudéssemos ouvir e contestar, caso houvesse divergência (nunca enviaram a gravação). Na data de hoje, 09/11/2020, pelo período da manhã, entramos em contato com a Ouvidoria da prestadora que reconheceu que havia sido cometido um erro e que as faturas seriam corrigidas para o valor combinado de R$ 119,00 cumprindo o que foi tratado: ligações ilimitadas para todo o Brasil e banda larga de 120MG (prot. 010204345281970). Acreditando ter resolvido nosso problema, fomos surpreendidos no período noturno com nova ligação dizendo que não fariam mudanças nos valores de nossas faturas alegando que não fizemos uso do prefixo 021 que nos permitia ligações ilimitadas para todo o Brasil (prot. 010204345975961). Alegamos que era mentira, pois a mais de ano usamos os serviços da prestadora Claro/NET sempre fazendo uso do 021 e que, não seria agora, por mudarmos a velocidade de internet que iríamos para de usar o prefixo - não existe lógica nenhuma nisso. Afirmamos que nosso telefone guarda relações de chamadas efetuadas e na verificação todos possuíam o prefixo 021 (exceção das ligações locais para fixos que não aceitam o 021). Pedimos então os registros de todas as ligações que haviam sido feitas à prestadora durante este período para poder apresentar na Anatel e fomos surpreendidos ao afirmarem que os protocolos que nos passaram, nenhum existia gravação de conversa (registrado na ligação de prot. final 5961). Tudo que pedimos para apresentar na Anatel eles negaram ter conhecimento através dos protocolos fornecidos por eles e que afirmaram sequer existirem. Estamos nos sentindo ser extorquidos. Isso assemelha-se a [Editado pelo Reclame Aqui] de [Editado pelo Reclame Aqui]. Peço auxílio urgente e imediato da Anatel em ação a nosso favor para regularização do que foi acordado entre nós e a prestadora. Não queremos ação judicial, pois está visível que vários artigos do Código de Defesa do Consumidor são feridos aqui. Desejamos apenas a regularização de nossas contas para que possamos efetuar pagamento. A prestadora ainda nos informou que nosso serviço pode ser cortado a qualquer momento caso não seja efetuado pagamento - forma de forçar o pagamento, mas não fornece as gravações, sumiram os protocolos, ou seja, desapareceram com as provas contra ela (ao menos para nós). Logo só nos resta a intervenção da Anatel para operar em nosso favor e fazer o que é certo e o que é direito. Desde já agradeço a atenção e aguardo retorno de vocês. Ass: Italo Vinicius Mendes Ferreira CPF 704.127.071-87"
Estou Sendo Literalmente [Editado pelo Reclame Aqui] pela empresa Claro,"Passaram a descontar dos meus Créditos 1,49 todos os dias, sem minha autorização,sem meu concetimento, Um VERDADEIRO [Editado pelo Reclame Aqui], estou muito chateado, pois buricratizam tudo ,até para reclamar, Não fornecem Protocolos, NOS DEIXAM HORAS A ESPERA, e PROPOSITALMENTE A LIGAÇÃO CAI, Justamente para o Consumidor não retornar a chamada devido ao tempo de espera"
Mudança de Senhas do WI-FI Internet Residencial - 3 Reclamação e NÃO resolvem,"ANOTEM ! Esta é a TERCEIRA e ÚLTIMA vez que escrevo pra reclamar sobre a MESMA coisa não resolvida até agora. Caso não resolvido, vou cancelar minha assinatura e migrar para outra operadora. Pra cobrar a Claro (antiga NET) é ÁGIL mas pra atender são uma Tartaruga ! Quero alterar as senhas do meu Wi-Fi Residencial e a coisa não funciona ! Crio novas senhas (tanto para a banda de 2.4 Ghz como para a de 5Ghz) , elas são confirmadas e enviadas para o meu e-mail e quando eu penso em usá-las nada foi modificado, ou seja, automaticamente voltam para as antigas senhas. Da primeira vez vieram com uma conversa de 72 horas e nada foi resolvido. Na segunda vez o papo foi semelhante e agora, 09.11.2020 (22:17h) fiz mais uma tentativa e nada. Reclamação feita. Já não bastam os valores altos para INTERNET, nunca me enviaram UMA proposta de promoção e/ou desconto cortesia sequer, a velocidade de Upload é péssima e ainda mais esta. Quero isto resolvido com urgência. Sem mais e aguardando,
Marcus
09.11.2020"
cobrança indevida,"Nunca tive conta CLARO FIXO, e estou sendo cobrado uma dívida que não existe de R$86,30 datada de 20/10/2013. n. contrato: 01190414051. Atualmente existe uma proposta de acordo em aberto no SERASA CONSUMIDOR."
"É Claro que é ruim. Black [Editado pelo Reclame Aqui], Você paga 240mb de internet, o speedtest diz que vc recebe 120mb, mas na verdadevc recebe 40mb.","Internet com lentido, pago o pacote de 240mb, mas o speedtest diz que chega 120mb, e na verdade recebo 40mb. É um serviço muito ruim, Net e Claro se juntaram, mas as duas empresas juntas no valem por uma. Serviço muito ruim, no tem com quem falar, o app diz para desligar o modem para a velocidade voltar ao contratado, mas se vc desligar o modem, vc fica um dia sem internet. Péssimo negócio contratar a Claro, no dá prá ser mais Claro."
Não estão cumprindo c o contrato,Assinei contrato e agora estão cobrando outro valor a maisEntrei em contato com a empresa e me deram 3 dias p resolver e até agora nada
Ativação indevida de produto,"Ativaram um pacote pós pago na minha linha,quando tentei cancelar tinha fidelidade de um ano ou uma multa de 180.00reais a atendente cancelo para contestar o valor depois e junto cancelo meu chip quer dizer ativaram um plano no chip sem minha autorização,tenho que pagar multa e ainda cancelam meu chip 48horas pra reativar"
Cobrança de conta indevida,"Estou sendo cobrado da minha conta de celular Claro móvel de um boleto de 10/10/2019. Porém eu paguei este boleto na data de seu vencimento.
Já estou muito cansada de tanto ligar para o antendimento ao Cliente e ninguem resolver o problema. Enviei vários e-mails com o comprovante de pagamento da conta e nada tem melhorado. Agora eles estão dizendo que o boleto que eu tenho não é suficiente para provar o pagamento, é um absurdo o que diz porque o meu pagamento é pela internet banking do meu banco que eu tenho conta corrente.
Abri uma reclamação na OUVIDORIA DA CLARO e também não tive retorno. Protocolo: 2020922157412.

Preciso urgente da ajuda do reclame aqui para resolver este problema.
Segue abaixo alguns dos protocolos que eu recebi deles.

2020939362157

2020943259612

2020953513154.

Segue abaixo o e-mail que enviei com a minha indignação com o acontecimento.
""gostaria de deixar registrado a minha indignação pois o mês passado A claro me cortou a minha conta pelo mesmo motivo desse pagamento tive que entrar em contato com vocês e a operadora me relatou que foi um erro de sistema este mês aconteceu a mesma coisa estou sem linha telefônica e sem internet ,referente a um corte de pagamento que foi realizado no do mês 10 de 2019 .
O que me chama mais atenção ,a mais de um ano que aparentemente essa conta está aberta e só agora vocês estão reclamando . Após a claro receber o meu comprovante do pagamento referente ao ano de 2019 quero solicitar o meu cancelamento da minha conta com a claro por motivo de insatisfação "".
Segue o comprovante de pagamento"
Cobrança indevida,"A claro negativou meu nome, quando eu entro em contato com a empresa, me informam que é sobre uma divida no combo, porém eu nunca tive combo da net, liguei no 0800 que me informaram e não consta nenhuma divida no combo em meu CPF. Os atendentem não sabem resolver o problema, ficam transferindo para vários setores e nada resolvem"
Empresa lixo,"Entrei em contato com a empresa Net claro para cancelar no dia 26/09/2020. O atendente não cancelou me deixou meia hora esperando. Quando foi dia 9/10/2020 recebi um e-mail falando que minha fatura estava em aberto. Achei estranho pois eu já havia cancelado. Liguei novamente, mas para minha surpresa nao cancelou. Falei com outro atendende me explicou que não tinha sido cancelado, ela providenciou o cancelamento e me passou o protocolo e a gravação da ligação anterior por e-mail. Mandaram uma nova fatura com o valor revisado e fui orientada a pagar. E depois o cancelamento já estaria tudo certo. O modem já foi até retirado. E hoje no dia 09/11/2020 chegou outra fatura no meu email pra eu pagar. Que beleza né ?!... Vou reclamar no procon também. Porque isso é ridículo.
Sem contar no email falso de uma pessoa se passando pela empresa e me mandando boleto. Eu já abrir um b.o sobre isso.
Quero que cancele, tirei meu nome do cadastro de vcs. Eu já cancelei já paguei o valor sobre o cancelamento."
Claro inseriu dívida no Serasa sem qualquer informativo,"Olhei hoje no meu Serasa, ao qual sempre acompanho e nunca sequer continha dívidas no meu cpf. Hoje me deparei com uma dívida no valor de R$ 206,67 referente à março de 2020 sendo que não havia qualquer dívida minha com a empresa. Solicito verificação e esclarecimentos."
Propaganda enganosa do plano controle,"Não estou conseguindo acessar o facebook, incluso no plano controle, no valor de $65,00, e a informação que recebo é que não tenho créditos ou pacote de internet. Já fiz a reclamação na Claro ( protocolo 2020928106969), e recebi a informação da colaboradora que no momento o sistema estava indisponível, pediu desculpas pelo transtorno. No entanto até o momento não foi solucionado. Se o problema permanecer, quero o direito de cancelamento do contrato, sem ônus de multa, pois o plano que contratei me dá este direito de uso de redes sociais ilimitado."
Ligações abusivas,"O número (31) 25235351 da operadora CLARO tem me ligado umas 10x por dia. Quando atendia uma pessoa do call center falava ''alô'' e desligava. Agora que bloqueei o número eles me deixam incontáveis recados na caixa postal apenas com um ''alô''. Faz mais de 6 meses que não sou cliente dessa empresa e não autorizo ligações de tele-marketing para o meu número, estou farta de ficar apagando os seus recados na minha caixa postal. Não tenho o menor interesse em voltar para essa empresa e mesmo se tivesse não voltaria após esse descaso com as pessoas."
Tentativa de cancelamento não efetuada,"No dia 08/10 entrei em contato com a operadora para cancelamento do meu plano de internet móvel sem fidelidade. Neste dia informei os dados da linha e do CPF para localização do número e a mesma não foi efetuada. Entrei então novamente em contato por uma linha diferente eletrônica e fiz um atendimento com um atendente. Solicitei o numero da linha vinculada ao plano de internet móvel e o cancelamento da mesma porém, a atendente me informou que não seria possível realizá-lo devido a problemas do sistema no dia, pediu que eu retornasse solicitando novamente e gerou protocolo do atendimento. Após uma semana tentei novamente o atendimento e novamente não consegui realizar o atendimento virtual pois o sistema não identificava meu CPF ou o número da linha vinculada ao plano.
Hoje, 09/11 consegui efetuar o cancelamento porém, acabei por arcar com o custo do plano durante o mês de outubro sem utilização do mesmo, solicitei estorno do valor da fatura referentes a outubro. A atendente me disse que só solicitaria com um número de protocolo de meu ultimo atendimento (05/10), identifiquei o mesmo e ela não encontrou no seu sistema (protocolo 2020850119801). Explorei possibilidade do mesmo ter sido aberto no sistema para linha em que havia os contatado em 05/10 pois, como disse, o sistema não identificava meus dados ou os da linha a qual desejava cancelar e, realmente, este havia sido o ocorrido. Assim, a atendente encontrou o protocolo e me disse que, no mesmo, não havia nenhuma descrição sobre minha solicitação de cancelamento e que além, do protocolo constar sem descrição e como encerrado, havia sido aberto para uma linha diferente da que eu desejava cancelar não poderia ser utilizado para uma solicitação de estorno. O protocolo gerado do atendimento para cancelamento é o de número 2020954009119.
Finalizei o cancelamento da linha porém sem a possibilidade de solicitação de estorno do período no qual o plano não foi utilizado."
Solicitação não atendida,"Já reclamei varias vezes por vários problemas, na qual a empresa sempre trás a mesma informação, solicita ligações e enviam as que são selecionada pela empresa, porém eu não recebo as ligações que entro em contato com a central.
Já reclamei de aplicativo que não resolve nada, problema com a interent que nem se fala.
Ligações ao realizar, informa que estou sem saldo ou não completa.
Fico com linha sem sinal com frequências todos os dias, e a operadora diz que é normal.
Me informa que eu preciso ir até a loja, e ao chegar na loja eu não consigo realizar a troca do chip, pois sou orientado a abrir uma reclamação, pois isso seria problema técnico.
Não enviam o chip, por que eu não tenho um plano de tv, interent ou telefone fixo.
A pontuação do claro clube é zerada sem eu mesmo saber o motivo.
Solicito que seja zerada a fatura, pois a meses sem a solução e não fazem.
E sou cobrado por um serviço com vários problemas.
Entretanto o meu posicionamento é que seja corrigido todas as falhas, pois caso contrario irei abrir reclamações todas as semanas.
Pois a empresa não resolve nada!"
Claroflex,"Tenho o plano claro flex onde diz que instagram e facebook são ilimitado, podendo usar a vontade sem descontar do pacote. Porém meu pacote acabou e não consigo utilizar esses aplicativos que segundo eles conseguiria. Liguei na central caaa funcionário fala uma coisa, entrei em contato via chat levei quase 1 hora para ser atendido. Se não resolverem meu problema irei cancelar o plano."
COBRANÇA INDEVIDA,"VERIFIQUEI NO SITE DA SERASA CONSUMIDOR QUE HOUVE UMA REDUÇÃO DE 25 PONTOS EM MEU SCORE EM RAZÃO DE UMA COBRANÇA DA CLARO. HÁ ALGUM TEMPO ATRAS JA TIVE UMA COBRANÇA DA CLARO QUE PAGUEI PARA EVITAR NEGATIVAÇÃO, MAS AGORA APARECEU OUTRA COBRANÇA SENDO QUE EU NÃO POSSUO QUALQUER PRODUTO CLARO EM MEU NOME. AGORA, ACHEI MUITO DESAFORO PAGAR OUTRA COBRANÇA, MESMO SENDO UM VALOR BAIXO R$34,10 COM O CONTRATO NUMERO 03122819795. TENTEI CONTATAR A CLARO NO 08002088282, TELEFONE INFORMADO PELO1052, POREM, NESSE CANAL DE VENDAS A LIGAÇÃO FICA CLARA, AUDIVEL E O ATENDENTE É EDUCADO E SOLICITO (A PRINCIPIO). NO MENCIONADO 0800 , A LIGAÇÃO É INAUDIVEL, PICOTA E CAI ENQUANTO VC FALA. UM TREMENDO DESRESPEITO. PRECISO QUE A CLARO ME INFORME DO QUE SE TRATA TAL COBRANÇA COM URGENCIA, POIS, PREJUDICA MEU SCORE, SENDO QUE, ESTOU EM VIAS DE OBTER UM FINANCIAMENTO IMOBILIARIO. TEREI QUE ENTRAR COM UMA AÇÃO JUDICIAL POR CONTA DE R$34,10?"
Combo Claro Residencial mais Now - Não é verdade.,"Fizemos uma assinatura Claro Residencial com a promoção now por um ano, sendo que já fizemos varios contatos e não resolveram o nosso problema, alegando problemas dos mais diversos tipos (respostas mecânicas e não orgânicas) e não resolveram.

Estou entrando com a mesma conta (email e senha) da ""Minha Claro Residencial"" no serviço de Streaming ""Now"" administrado pela claro e a mesma informa que o ""Usuario e senha são inválidos"", já fizemos todos os procedimentos que a central de telemarketing e ouvidoria deles para tentar resolver nosso problema sem sucesso, por mais que nos comunicamos de maneira clara, literal e muito bem explicado, a central deles respondem de forma mecanizada e sequer tentam reportar esse chamado para alguma área mais orgânica para resolução do nosso simples problema de ser resolvido.

Agora vem a pergunta, será que com tanta inteligencia artificial estamos nos tornando uma especie de seres binários que recebem informações padronizadas para repasse para seus clientes?"
FALTA DE RESPEITO COM O CONSUMIDOR,"Comprei um iPhone XR pela Claro no dia 27/10/2020 e, por erro deles, o endereço estava errado, então o pedido voltou para o remetente (em São Paulo, sendo que sou de Niterói). Desde então tento contato todos os dias e não recebo NENHUM tipo de retorno, sendo que o celular está PAGO. Preciso urgentemente do celular e não sei mais o que fazer!!! Já liguei pelo menos dez vezes, já saí de casa três vezes para ir a uma loja física em meio a uma pandemia e NADA, cada setor empurra para outro e o cliente fica completamente desamparado!!!"
Mesmo após a quitação da divida e reclamação junto a claro a mesma não retira a pendencia do Serasa,Mesmo após a quitação da divida e reclamação junto a claro a mesma não retira a pendencia do Serasa
Dois anos de cobrança indevida sem solução,"No dia 22 de dezembro de 2018 fiz um pedido, pela internet, de um chip claro controle. Número do pedido: #C1315796. No entanto, a solicitação tinha a previsão de 7 dias para a entrega, e como eu tinha urgência, eu desisti do pedido. A solicitação de cancelamento ocorreu dia 24 de dezembro, protocolo #2018990153634, protocolo este que na central me disseram que não existe e, claro, eu devo ter inventado. Continuando, no dia 28 de dezembro de 2018, recebi um e-mail confirmando a ativação do plano, inclusive com geração de fatura. Dessa forma, percebi que minha solicitação não foi atendida mesmo ela sendo feita dentro dos 7 dias que tenho direito para cancelar pedidos realizados pela Internet. Hoje, no dia 9 de novembro de 2020, entrei no site da serasa para conferir o programa #Serasa limpa nome e me deparei com a notícia de que a #Claro estaria me cobrando a fatura que eu havia cancelado há quase 2 anos e confirmaram para mim que o cancelamento havia sido realizado. Foi então que eu liguei para a central e depois de #1h30min de espera, fui atendido e o atendente Juan me disse que lá constava realmente a cobrança de uma fatura e a taxa de ativação do plano. Acontece que eu cancelei dois dias após a solicitação, devolvi o chip para o carteiro devolver para a origem, como a central me recomendou e eu fiquei tranquilo pensando que não seria cobrado por isso. O mais impressionante é que passaram-se quase 2 anos e a claro #não me respondeu. Eu solicito que essas cobranças sejam canceladas sob pena de eu procurar o procon e exigir meus direitos que estão sendo negados agora. O protocolo da ligação do dia 9 de novembro é 2020953964042. Aguardo resposta urgente."
"Cancelei meu plano, porém continua a descontar","Realizei o cancelamento do meu plano controle ( número telefone
(11) 994125947) no dia 16/10, protocolo: 2020885069098 , porém veio descontado em débito automático o valor total da fatura, entrei em contato e foi me informado que em até 24 horas seria reembolsada ( 2020954035681 ), porém já fazem alguns dias e nada foi resolvido, já entrei em contato algumas vezes e apenas me informar que o sistema está com falhas e que me retornaria em até 2 horas porém nunca recebi nenhum contato, desejo informações e resolução do meu problema."
Pacote de dados,"Dia 30/10 fiz uma recarga no valor de R$20.00. Foi descontado R$ 7.00 do sos e no dia 01/ 11 , sem fazer nenhuma ligação, meus créditos desapareceram.
Ontem dia 8/11 fiz uma solicitação do sos recarga e hoje pela manhã não pude usar em.situacao de emergência. Liguei 3x para o atendimento da claro, informam sempre que o sistema esta indisponível fazendo descaso com a nossa solicitação. Informam que não está no sistema a informação dos créditos utilizados. É tamanha falta de respeito pois não temos o controle do que usamos. A claro vai descontando serviços não solicitados. Não tenho nem como mudar o número pois meu numero é vinculado a bancos, apps, emails e redes sociais. Complicado ficar a mercê dessa situação! Protocolo Vc ligou para a Claro em 09/11/20 as 12:03 e o numero do seu protocolo eh 2020952196350 / 37."
Oferecem upgrade e aplicam multa,"Recebi uma ligação da operadora Claro me oferecendo upgrade. Comentei que meu planoainda não tinha 1 ano e que poderia altera-lo. Prontamente a atendendente me disse que não haveria problema pois a empresa que estava oferecendo, então aceitei. Agora 3meses depois não estou conseguindo fazer ligações. Após contato com a operadora me informaram que o upgrade gerou multa e eu não paguei. Minhas faturas são todas débito automático e nunca recebi comunicação ou fatura informando sobre multa. Fui surpreendida.....e o pior não conseguem sequer me enviar o boleto.....é muita incompetência e pouco caso com o cliente."
Portabilidade realizada sem envio de chip,"Gostaria de expressar a minha indignação com o serviço prestado pela Claro.
Na data de 21/10/2020 realizei portabilidade para Claro via whatsapp.
Até o presente momento (09/11/2020) não recebi o chip no meu endereço, sendo que me foi informado que o chip seria entregue dentro de 10 dias úteis após a solicitação. Quando da venda me foi informado que a portabilidade ocorreria em até 3 dias úteis APÓS o recebimento do chip. A Claro realizou a portabilidade ANTES da entrega do chip, portanto fiquei sem linha para realizar ligações e estou sendo extremamente prejudicada pois viajei para Florianópolis e estou impossibilitada de fazer e receber ligações. Fiz questão de manter esse número, pois ele é divulgado comercialmente, ou seja, dependo desse número para minha atividade profissional.
Fui pessoalmente a uma loja da Claro no centro de Florianópolis e fui muito mal atendida. A atendente me informou que não poderia fazer nada para me ajudar, que ela só poderia gerar um novo chip para linha com DDD 48.
No dia 09/11/2020 liguei para a central de atendimento (protocolo 2020953621275), expliquei toda situação para a atendente Jéssica que por sua vez prestou um péssimo atendimento, me deixando ainda mais insatisfeita com a Claro.
Questionei à Jéssica se seria possível gerar um protocolo para que eu conseguisse retirar um chip com o meu DDD 11 aqui em Florianópolis, ela disse que não seria possível. Questionei se seria possível reenviar o chip com minha linha ao endereço em que estou aqui, ela disse que também não seria possível. Questionei se seria possível minha mãe retirar o chip com minha linha em alguma loja de SP, para que posteriormente me enviasse via Sedex, a Jéssica disse que não seria possível. Questionei se seria possível que eles reenviassem o chip para o endereço do meu cadastro, em São Paulo, para que minha mãe me enviasse, pois só irei para SP no fim do mês. Absurdamente a Jéssica sugeriu que eu retornasse para a operadora anterior (Nextel). Falei com a supervisora da Jéssica, Marissol, que me passou as mesmas impossibilidades. Falei que queria reclamar e a ligação retornou para a atendente Jéssica registrar a reclamação. Quando pedi para ela registrar minha reclamação aparentou descaso (que pode ser verificado com escuta da ligação). Tive que pedir que ela repetisse meu número de contato, pois percebi que ela não tinha anotado corretamente e ela disse que já tinha lançado no sistema. Tive que insistir para ela verificar novamente. Registrei reclamação com a Jéssica (protocolo 2020953739177). Quando pedi para ela me informar quais informações da reclamação foram lançadas ela simplesmente disse que não teria como me ajudar e não teria mais o que fazer e desligou na minha cara. Meu sentimento é de impotência e revolta. Como uma empresa tem a coragem de atender tão mal uma cliente? Me senti desrespeitada. Tentei realizar a reclamação pelo site da Claro (Minha Claro Móvel) conforme orienta o site da Claro, mas nem isso consigo realizar, pois para sincronizar meus produtos (linha celular) ao cadastro preciso informar o código de validação que chega por SMS, logo, se eu não tenho o chip, eu não ativei a linha eu não acesso a Minha Claro Móvel e não reclamo pelo site. Amanhã precisarei ligar novamente na Claro, pois pelo site não poderei reclamar, para passar a Ouvidoria essa situação e espero que uma solução seja apresentada. Acho um pouco inexplicável uma empresa que atende nacionalmente não poder resolver meu problema em estado diferente do meu DDD. Aliás a empresa Claro Informa em seu site o seguinte:

A troca do Claro Chip é realizada nas lojas Claro, onde o mesmo foi adquirido. Caso não tenha comprado em loja própria, não será possível efetuar a troca gratuitamente. Neste caso, o pedido será encaminhado para o setor responsável por efetuar o ajuste na conta/créditos do cliente.

Para ter direito à troca gratuita, é preciso ir a uma loja Claro com o aparelho, a nota fiscal e o chip, que somente será substituído sem custo se tiver apresentado defeito em até 7 dias após a compra.

Nas situações de mau uso, perda, [Editado pelo Reclame Aqui], troca de versão e digitação incorreta de senha (PUK), a troca pode ser feita em qualquer loja Claro ou agente autorizado, porém com cobrança de valor.

Ou seja, ela informa em seu site que a troca do chip pode ser feita em qualquer loja Claro. Em momento algum tem asterisco informando que o atendimento só será feito no estado do DDD.

Aguardo retorno da empresa Claro com pedido de desculpas pelo péssimo atendimento, pelo descaso com o consumidor e com solução para a minha demanda. Sugiro também que a empresa faça escuta da ligação. Não podemos culpar a atendente pelo atendimento, talvez o treinamento que a empresa ofereça aos seus funcionários e/ou terceirizados não oriente sobre NPS, experiência do cliente entre outros aspectos importantes para a satisfação e fidelização dos seus clientes, mas se essa empresa vislumbra sustentabilidade e perenidade é de suma importância que revise a jornada do cliente.

Atenciosamente"
Linha Bloqueada Indevidamente,"Todos as minhas faturas estão pagas, mas minha linha foi bloqueada.
Em contato com a Claro, fui informado que há débitos em aberto (o que não é verdade) e que por causa disso minha linha foi bloqueda.

Fui orientado a retornar o contato daqui 24h porque a Claro está com problema no sistema. Ou seja, vou ficar 24h sem poder fazer ligações (afetando o meu trabalho) por uma cobrança indevida e por uma falha no sistema da empresa."
Cobrança indevida,"Olá, meu nome é Jefferson, neste ano precisei trocar o chip do meu celular, para fazer isso, precisei colocar um plano Pós, com a carência de 3 meses para passar o plano para Pré, assim eu fiz, passaram-se os 3 meses e cancelei o plano Pós e passei para Pré pago novamente, porém verifiquei que irão cobrar ainda a tarifa de R$ 49,99 no dia 12 de novembro, essa cobrança é indevida pois já estou com o plano pré pago a mais de um mês da transferência de plano. Solicito por gentileza o cancelamento deste débito futuro em minha conta, se não precisarei tomar as medidas cabíveis."
ATENDENTES DA CLARO SE NEGAM A TROCAR DDD CONTRARIANDO O QUE É INFORMADO PELA PROPRIA CLARO,"Comprei um chip da claro hoje.

Está informando na embalagem que para trocar o DDD basta ligar para o número 1052.

Primeira tentativa: O atendente inventou que eu preciso ficar 10 dias com o número para depois trocar o DDD

Segunda tentativa: O atendente disse para eu ligar de outro número porque não conseguiria trocar o DDD com a minha linha ocupada.

Terceira tentativa: Liguei de outro número mas a atendente inventou que só pode trocar o DDD dentro do mesmo Esrado.

Fora que entre estas tentativas liguei várias vezes até cair a ligação sem ser atendido.

Comprei um chip já pagando uma primeira recarga e perdi o dinheiro porque estou sendo enganado pela Claro.

Vale lembrar que além de estar escrito na embalagem que basta ligar no 1052 para trocar o DDD. Recebi um SMS da claro dizendo a mesma coisa.

No primeiro contato de um possível cliente a Claro já trata desta forma. Inacreditável.

Queria utilizar duas operadoras mas vou continuar só com a VIVO.
Também não é uma maravilha mas bem melhor que este descaso absoluto."
Ligação telemarketing,Diariamente venho recebendo ligações ds claro me oferecendo internet e plano de tv por assinatura e mesmo tendo informado no site naomeperturbe.com e informando nas ligaçoes que não quero receber contato insistem diariamente a ligar.
Cobrança de Movel indevida,"Estou sendo cobrado por uma empresa, em nome da Claro Movel S.A. Alguém usado meu CPF, comprou um celular na cidade de Águas Lindas no estado de Goias. Não moro nesta cidade e nunca estive nela. Não tenho chip da Claro. Estou com o nome negativado por desta cobrança indevida."
Ligações Sem Solicitação Durante o dia!,"Gostaria de Solicitar a Claro Brasil que pare de me ligar para oferecer serviços que nunca solicitei, estão sendo mais de 10 vezes no dia, já me cadastrei no site para não receber telemarketing mas a Claro Brasil ignora isso. Mais uma vez parem de me ligar, já morei do lado de pondo de Drogas que tinha mais respeito ao cidadão do que essa empresa!"
Não entregam o que prometem.,"Não aguento mais reclamar de vocês; contas erradas, processo, internet que não funciona...
Quanto aos documentos, basta olhar o processo e as outras reclamações..."
COBRANÇA INDEVIDA,"HOJE RECEBI POR E-MAIL UMA FATURA DA CLARO (""Minha Claro Residencial"") NO VALOR DE R$ 489,35 VENCIDA EM 28/10/2020 SENDO QUE NUNCA ADQUIRI QUALQUER PRODUTO OU SERVIÇO DA CLARO. TENTEI FALAR COM A EMPRESA SEM SUCESSO..."
Plano venceu e aumentaram sem avisar,"O plano do meu pós venceu de 43 reais subiu para 75. Não me avisaram que ia vencer e simplesmente aumentaram, quiseram renovar com aumento de mais 10 reais não quis, pois teria que pagar os 75 agora é no próximo vez viria 53. Não aceitei pedi para mudar para pré ok! Ok nada, disseram que viria mais uma conta em 16 de dezembro, detalhe liguei com mais de um mês de antecedia e vão cobrar 108 reais para finalizar. Um absurdo nunca mais faço planos com essa empresa [Editado pelo Reclame Aqui]. Detalhe pedi na ligação inteira meu contrato e ele desviava o assunto."
Aumento da fatura,"Tenho net em minha residência a muito tempo, pago um valor alto para pouca coisa, na última fatura cobraram 31 reais a mais do que o normal combinado, fora que cobram 10 reais todo mês para enviarem o boleto em casa e faz tempo que não recebo, estou pegando muito por pouca coisa. Fora essa aumento inesperado e sem justificativa.
Tentei contato por telefone mas eles enrolam e não resolvem!
Gostaria de abaixar o valor da fatura e ver possível ressarcimento desse valor a mais que tem sido cobrado."
chip não funciona,"Perdi o celular e precisei cancelar o numero do telefone, porém no dia seguinte fui até uma loja da operadora, comprei um novo chip e pedi que fosse reativado o numero anterior, todavia o chip não funcionou em nenhum aparelho. Coloquei, recoloquei, desliguei porém nenhum dos passos indicados no site teve resultado. Liguei na central, a mesma me informou que o numero ja estava ativo, no entanto ate o momento não funciona, pois os aparelhos não conseguem identificar o chip."
Internet ruim,"Contratei 120 mega, porém não chega aqui em minha residência nem a metade do pacote contratado, já liguei várias vezes reclamando e até agora ninguém resolveu meu problema, e ainda estou sendo cobrada do valor integral sem nenhum desconto sendo que eu não estou recebendo os megas contratados"
Claro sem sistema,"ESTOU A 15 DIAS SEM TELEFONE DA OPERADORA Claro Brasil... SIMPLESMENTE PORQUE O CHIP RESOLVEU PARAR DE FUNCIONAR, E COMO ESTA EM UM PACOTE DA NET, LIGUEI LA E DIZEM QUE PRECISO IR EM UMA LOJA DA CLARO E COMPRAR UM CHIP NOVO, JA FUI 3 VEZES NA LOJA CLARO DO SHOPPING CANTAREIRA, E TODA VEZ DIZEM QUE ESTA SEM SISTEMA. (EU SO PRECISO COMPRAR UM CHIP DE 10,00 PRA VOLTAR A USAR MEU TELEFONE)... HOJE QUANDO CHEGUEI NA LOJA, A PRIMEIRA PERGUNTA QUE EU FIZ FOI ""TEM SISTEMA???"" E O FUNCIONARIO RESPONDEU ""PRA QUE SERIA??"" E TINHA GENTE SENTADA COMPRANDO PACOTE.. ENTÃO, PRA VENDER CELULAR E PACOTES, TEM SISTEMA, PRA ARRUMAR UM PROBLEMA DE QUEM JA É CLIENTE, QUE VAI GASTAR APENAS 10,00 COM UM NOVO CHIP... SEM SISTEMA.
#CLARO #clarobrasil #shoppingcantareira Claro Brasil #semsistema"
Cobrança indevida,"Tenho número com a claro, no qual quero reduzir o plano, sempre desligam a ligação quando falo que quero passar para cartão o plano controle, e agora estão me cobrando um valor absurdo que não existe, ligo pra eles e desligam quando chega no atendente."
Cobrança triplicada do mesmo valor,"No dia 15/10/2020 efetuamos o pagamento do boleto do combo pelo aplicativo de celular. Acontece que neste mesmo dia o valor foi debitado duas vezes e no dia seguinte foi debitado pela 3 vez o mesmo valor. No dia 20/10/2020 liguei para a central e informei o ocorrido. A atendente me informou que eu teria duas opções: deixar como crédito ou extorno do valor excedente. Solicitei então o estorno do valor cobrado a mais (R$ 846,44) para a conta do meu marido pois não tenho conta em banco (sou a titular do plano). No dia 26/10/2020 liguei novamente para central informando q o valor ainda não tinha sido extornado e a atendente informou que seria depositado no dia 03/11/2020 mas que poderia haver divergência pois a atendente anterior colocou os dados bancários do meu marido mas em meu nome e ela não poderia fazer a correção por estar em aberto ainda.
No dia 30/10/2020 as 20:00 recebi uma ligação em meu celular de alguém se identificando da Claro, que o depósito tinha voltado por divergência de informações e queria que eu informasse dados para confirmar o depósito. Como fiquei preocupada em ser trote, informei que eu iria ligar para a Central e dar as informações necessárias. Quando liguei para a Central o atendente disse que o valor a ser extornado não seria mais o mesmo porque eles já tinham descontado o valor da fatura que vai vencer no dia 15/11/2020. Como não autorizei a ficar como crédito, contestei essa decisão. E no final a atendente disse então que seria extornado o valor integral. O que não foi feito até o momento
Conclusão: tive que abrir uma conta no meu nome para tentar receber o valor devido e ainda não será o integral pq novamente já descontaram um valor que só vai vencer daqui a 5 dias!!
Absurdo!! Estou me sentindo [Editado pelo Reclame Aqui] e enrolada por essa empresa que cada hora dá uma informação diferente e não me pagam. Tenho todos os protocolos anotados"
Cobrança indevida,"No mês 09/2020 fiz portabilidade do meu celular para operadora Tim, fiquei com os serviços da claro funcionando até o dia 10/10/20, qdo fiquei sem sinal liguei no 1052 de outro celular, pq qdo vc não é mais assinante da operado vc não consegue contato pelo APP (CPF) não é reconhecido e o número do celular TB. Como ficou funcionando até o dia 10/10 achei justo a cobrança da fatura do dia 20/10 no valor de 67,99. Agora recebi outra fatura pra pág em 20/11 que não é devida e não tenho canal pra me comunicar 10621 falou pra ligar no 1052 , o 1052 não reconhece meu celular bem meu CPF agora gerar boleto eu existo. Liguei novamente 10621 a atendente falou que tive sinal até 10/11 mentira meu telefone foi cortado em 10/10. Agora ninguém fala comigo. Se tiver alguma cobrança o justo é do dia 03/10 a 10/10 dia do corte ,08 dias.Fico no aguardo de solução."
Problema na ativação do chip pré-pago,"Adquiri um chip pré pago e não consigo ativá-lo, número 11-94595-4133. Tentei o acesso ao site ""Minha Claro Móvel"" e só apresenta a mensagem: ""Ocorreu uma falha técnica não esperada"". Liguei no 1052 e fico em uma fila de espera de 40 minutos... aí a ligação cai. Protocolos: 2020953316153 e 2020953661176. Não consigo ser atendido por qualquer canal e minha compra do chip até o momento não funcionou."
Cobrança Indevida Pós Portabilidade,"No Dia 17/07/2020, realizei a portabilidade do meu número (11) 970190865 até então Claro para a Vivo. No qual foi protocolado o cancelamento através do número 2020615349093 e confirmado por e-mail no dia 20/07/2020 às 14h31.

Para minha surpresa recebi ligações de cobrança da Claro NET e na sequencia uma fatura por e-mail no valor de R$579,07 contemplando débito de julho/20 à outubro/20 cujo número associado a conta em meu CPF é o (11)945274941, que NUNCA me pertenceu. Desde então solicito um retorno por e-mail e entro em contato com o canal #1052 porém dizem que não conseguem me ajudar.
Diante deste fato solicito de imediato a exclusão do CPF atrelado a esse número que desconheço e cancelamento da cobrança em meu nome."
João Felipe dos Santos de Moura Fé,"Entrei em contato no dia 07/11/2020 relatando um número grande de desconexões em pequenos períodos de tempo, o atendente me informou que realmente no relatório deles tinha algumas desconexões e iria realizar alguns procedimentos para verificar se normalizasse, e caso isso não ocorresse para contatar novamente, informou também a possibilidade de um aquecimento no modem e por isso estava reiniciando sem que houvesse interferência humana. Hoje no dia 09/11/2020 relatei mais 2 desconexões no dia de ontem (08/11/2020) por volta de 00h e outra no dia de hoje por volta de 01h, informei ao novo atendente sobre o caso e que o atendente anterior me informou que caso ocorresse novamente, solicitar a troca do equipamento.
Ao entrar em contato hoje, fui informado que para a troca do equipamento tem uma taxa de R$90,00 mesmo o equipamento não estando funcionando perfeitamente, informei também que trabalho com suporte técnico de TI e essa quantidade de desconexões NÃO É COMUM.
Preciso de um retorno pois novamente informo, não é comum uma quantidade de desconexões sem interferência humana ou problema na tomada ou algo do tipo"
Linha Suspensa,"Boa noite,

Dia 27/10/2020 a Claro suspendeu minha linha, liguei para a central e me orientaram a ir em uma loja, fui no dia seguinte e abri o protocolo 2020917753901 e me deram prazo de 5 dias uteis, esperei e até agora nada, são inúmeros contatos, inúmeros protocolos e idas a loja. A Claro simplesmente desdenha da situação, atendentes dizem que tenho que esperar, sendo que preciso do celular ativo para trabalhar. Nunca vi tamanha irresponsabilidade em um atendimento"
Cobrança indevida,"ja estou ha 30 minutos em ligação e ainda nao fui atendida, minha fatura esta vindo com valor a mais sendo que meu pacote são: net virtua+ serviços moveis, e veio me cobrando a net now, sem a minha autorização sendo que eu nao preciso desse pacote, é muita desfeita e desrespeito com o consumidor, não foi com a minha tinha titularidade essa autorização, até quando vamos ter que ficar sofrendo com desgaste emocional, 30 minutos em linha e a atende passou para outra que passa para outra e no final alegou que não é no numero que liguei que irá resolver, caso nao resolvam por esse meio, fiquem ciente que será aberto uma ação judicial."
Negativação indevida,"Vi meu nome no Serasa por uma dívida a qual não reconheço da claro em meu nome.
Fui até uma claro de minha cidade se informar da dívida e disseram que não constava nenhuma divida em meu cpf na claro. E então paguei o boleto pra poder levar ao Procon para receber o extorno do valor pago.
Uma divida de 249 e foi pago
74 reais e até agora não tiraram meu nome do serasa.
Gostaria de um retorno pois isso está sendo uma enrolação ja."
Valor abusivo e não informado previamente,"Solicitei a troca do controle remoto da tv. Sou casado e vivemos apenas eu e minha esposa. Ficamos no dia inteiro na rua trabalhando. Tínhamos estado com o mesmo controle por mais de 1 ano sem solicitar troca. Um dia o mesmo começou a apresentar problemas no volume, assim solicitei a troca. Primeiramente tentei efetuar o agendamento por Wpp e depois pelo aplicativo, consegui pelo aplicativo.
Durante o agendamento não houve qualquer menção à cobrança de qualquer taxa. O técnico ao chegar foi perguntado sobre tal possibilidade e foi solicitado que o mesmo avaliasse o controle para que não restasse dúvidas de que o problema não foi oriundo de mau uso. O técnico disse exatamente o seguinte este tipo de serviço não é cobrado, faço isso todo dia, pode acreditar. Ao telefone o responsável pelo setor Matheus, afirmou que a taxa é atribuída pelo técnico. Ou seja, qualquer valor que o técnico desejar atribuir será acatado pela empresa sem que o cliente seja previamente solicitado em termos de condições de tal pagamento. A cobrança de 50,00 de transporte além de ser abusiva não foi combinada previamente comigo. A pandemia fez diminuir radicalmente meu expediente de trabalho, sou professor particular, e arcar com 40% do valor de minha fatura sem nem ter tido a chance de escolher se eu seria capaz de arcar ou não é realmente abusivo.
Desta forma, gostaria de solicitar a retirada desta taxa adicional abusiva."
COBRANÇA INDEVIDA,"Eu cancelei o meu plano em 12/05/2020, paguei o ultimo boleto com a multa por quebra de contrato, como manda a lei. Tudo certinho. Hoje eu entro no serasa consumidor e descubro que a claro está me cobrando o valor de R$: 96,39 referente a uma conta de fevereiro de 2020 que eu nem sei do que se trata, visto que cancelei meu plano e saí dele sem nenhum débito com a empresa. Tentei atendimento agora pelo chat disponível através do minha claro e o atendente me mandou 6 mensagens para ""aguaradar um momento"" e depois me disse que está sem sistema e falou para eu tentar novamente em 4 horas. Quero deixar claro que se este problema não for solucionado em 24 horas acionarei minha advogada e entraremos com um pedido de cobrança indevida e danos morais no pequenas causas."
Colocaram meu nome no Serasa com Débitos Falsos que não existem,"Sou cliente claro pós pago, todas faturas em dia, porém veio um aviso do Serasa consumidor me informou que estou com restrição no nome de duas dívidas uma de 2005 e outra 2019 anos que nunca tive qualquer vínculo com essa empresa, fiz um plano pós pago agora em 2020 e todas minhas faturas estão em dia, esse registro servira de prova para processar a Claro pois essa inclusão no Serasa derrubou meu score que era 900 e atrapalhou outros planos que tinha em mente, quero que retirem essa restrição pra ontem, e mesmo assim vou acionar judicialmente por negligencia, isso é inadmissível sujar o nome de alguém erroneamente."
Prezão propaganda enganosa,"Realizei a compra de um chip pré da claro pelo site. Coloquei meu cep e endereço de residência em SC e solicitei o chip com código 047. Ao receber o chip foi uma demora para fazer o cadastro. Na conclusão ele registrou código 054. No papel que vem junto ao chip tem a seguinte mensagem "" Após o cadastro, se precisar trocar seu DDD ligue 1052. Então começou a saga de ligações. Em duas situações de atendimento pelo canal atendentes me falaram que era preciso aguardar 8 dias para esta solicitação. Ao ligar novamente no final dos 8 dias ( estratégica para não ter que devolver o dinheiro??? ) falaram que só em uma loja para fazer a alteração. Fui na loja e falaram que não era possível fazer sem adquirir um novo chip por 10,00 reais da loja e daí sim era possível colocar o código 047. Ou seja propaganda enganosa! E ainda o atendente veio falar que existe uma lei que o chip é correspondente ao cep que eu peço a entrega e não o que eu cadastrei no site. A correspondência foi para a cada da minha sogra, pois devido a Pandemia estamos em outro estado. Não foi o que eu pedi e não existe o que fala na propaganda que vem no chip. mentira, péssimo atendimento e falta de respeito com o consumidor!"
cancelamento número,"Prezados, tenho dois números cadastrados na Claro. Possuímos a claro Tv e claro móvel, no qual possui 02 números de telefone cadastrados no Cpf do titular 46356328615 - linhas telefônicas 31-997217458 e do adicional meu filho João Caetano 31-997193099.
Meu filho possui este número de telefone 31-997193099 há mais de 10 anos, fazendo portabilidade da operadora Vivo para Tim, Tim para Claro, no qual hoje, sem dúvidas é a pior operadora do mercado. As contas estão em dia, sem atrasos, já pagas e o número adicional 31-997193099 foi cancelado sem motivo aparente e sem informação alguma tanto ao titular quanto a responsável que utiliza a linha citada.
Entramos diversas vezes em contato com operadora claro, no qual na primeira informação informou ao adicional que o número foi cancelado pela operadora Tim Sa.
Logo em seguida , entramos em contato novamente com contato claro através do número de telefone 08007210027 protocolo de atendimento 03201050375574 , 013201050381457, no qual em plena PANDEMIA alegam que não tratam por telefone e que somente o titular da conta PRESENCIALMENTE terá que se deslocar ate alguma loja da claro para entender o ocorrido e uma possível reativação do número. Fui até a loja da claro na data de 05/11/2020 por volta de 12:30, no qual foi aberto mais um protocolo 2020940674487 e fui informado na loja pela Vendedora Alessandra que não era de responsabilidade da Claro e sim da Anatel. Fiz contato na mesma data com a Anatel através do telefone 1331
às 15:40, muito bem atendida pela Virginia, no qual me informou que a responsável pela exclusão do número não foi a Anatel e sim a Operadora Claro, pois eles não possuem alçada para exclusão e sim Operadora. MAIS UMA VEZ tentei contato através da OUVIDORIA da Claro, protocolo 013201050578748 as 15:45, no qual a gravação robô alegou que não teria o que fazer, já que a reclamação na Anatel já havia sido feita. Não sei mais o que fazer. Fui no SAC, OUVIDORIA, LOJA, ANATEL e todos se isentam de culpa e simplesmente não solucionam o problema.
Solicito de IMEDIATO reativação de linhas 31-997193099 pois é uma linha no qual é utilizada comercialmente e existe há mais de 10 anos. Não houve informação alguma e motivo de que seria cancelado e bloqueado. Telefone não recebe e não efetua chamadas há 3 dias e pelo meu ver, sem previsão de retomar.
PROTOCOLO SITE ANATEL 202011045326420
PROTOCOLO LOJA CLARO 2020940674487
PROTOCOLO OUVIDORIA 013201050578748
PROTOCOLOS ATENDIMENTO URA CLARO 03201050375574 E 013201050381457
CONTATO ANATEL VIA TELEFONE - VIRGINIA AS 15:40 TELEFONE 1331"
Baixa de pagamento.,"Preciso dar baixa na parcela de novembro de 2019.
O acordo foi realizado através do serasa."
COBANÇA INDEVIDA APOS SOLICITAÇAO DE CANCELAMENTO,"VENHO ATRAVES DESTA RECLAMAÇAO RELATA CONTRA EMPRESA CLARO TELEFONIA.
RECENTEMENTE ME FOI COBRADO POR PARTE DA CLARO DUAS CONTAS TELEFONICAS AS QUAIS INDEVIDAS.EM 3 NUMEROS MOVEIS , SENDO QUE 1 NUMERO JA FOI REALIZAD PORTBILIDADE DESDE 20 DE AGOSTO,PERIODO ESTE QUE PROCUREI EMPRESA CLARO ( AGOSTO) 04/08/2020 P ACORDO, POIS TINHA EM ABERTO ALGUMAS CONTAS EM ATRASO DE UM CONTRATO, UTILIZANDO NESTE INTERNET, TELEFONE FIXO, E TELEFONIA EM 3 NUMEROS MOVEIS,CONTRATO ESTE Q JA ESTAVA EM FINAL DE CONTRAÇAO EM DATA VIGENTE,APOS O PAGAMENTO CONFIRMADO PELA PRESTADORA,DO ACORDO,( VALOR DE 705,00) FOI REALIZADO PAGAMENTO TOTAL, VALOR ESTE ENVIADO PELO ATENDIMENTO SENDO QUE APOS POIS ME ENVIARAM UM NOVO VALOR P PAGAR DIZENDO SER RESIDUO, ( VALOR DE 160,94) MESMO ASSIM NAO ACEITANDO, PAGUEI O VALOR, E PEDI, SOLICITEI CANCELAMENTO TOTAL DE TODOS ITENS UTILIZADOS,EINCLUSIVE OS NUMEROS MOVEIS, FOI CANCELADO APENAS PELO QUE PERCEBI AGORA APENAS O USO DE TELEFONE FIXO E INTERNET, COMO ??? SE ERAM TUDO UM CONTRATO UNICO?RECLAMEI PELOS PROTOCOLOS /753202754854660/753202822558269/753202826092596/ ME DERAM PRAZOS E NAO ME RETORNARAM,NAO CUMPRIDOS,E AGORA ME PEDIRAM MAIS DIAS P ME RETORNAREM, NAO AGUARDAREI FORAM ERROS E MAIS ERROS, PEÇO O ACOMPNHAMENTO E RESOLUÇAO POIS JA VENCEU AS COBRANÇAS E NAO EFETUEI O PAGAMENTO, POR SER INDEVIDO."
cobrança indevida,"fui contactado pela empresa #claro oferecendo um pacote de telefonia móvel por 69.99 com direito a um adicional 39.90 R$, na primeira fatura já veio com valor divergente 138,00 R$, contatei a #claro passei protocolo da ligação que segundo a mesma não é da aquisição, que foi feito por setor ativo e não tem registro. entrei em contato dia 24/10/20, 30/10/20 por telefone, dia 06/11/20 fui na loja física e nada.
só falta restringir meu cpf !
#claro esse novo eu não quero."
Cobrança indevida Claro Fixo,"Me deparei com uma dívida da empresa Claro Fixo no site do Serasa, em meu CPF. Fui ver e consta como uma dívida de 2010, que nunca esteve no site do Serasa, nem nunca existiu, pois nunca tive telefone fixo da empresa Claro. Entrei em contato por telefone e a atendente não soube encontrar dívida ligada ao meu CPF nem ao código que consta no site do Serasa. Como uma empresa me aparece com uma dívida de 10 anos que nunca foi sequer cobrada, sendo que nunca possuí telefone da Claro, e nem eles sabem me dizer que dívida é essa, mas estão me cobrando?"
"Portabilidade, meu cadastro sumiu","Há alguns dias, pedi a portabilidade do meu fixo da Claro para a Tim.
O pedido foi cancelado.
O numero não foi portado e agora, não acho meu cadastro na Tim.
Os atendentes dizem que não tenho nenhuma assinatura em meu cpf.
E agora? Perdi o numero do meu fixo?"
COBRANÇA INDEVIDA,"Entrei no aplicativo do serasa e lá consta uma divida minha 155 reais e um acordo para quitar a mesma. Consta conta em atraso, porém minha conta foi cancelada pela própria claro, e voltei a usar o pre pago da mesma, e depois de meses eles me aprontam essa. Como devo fazer, a quem devo recorrer nesses casos. Detalhe, isso esta prejudicando minha avaliação, já que não possuo dívidas."
Atendimento,"Loja Claro do Shopping Jardim Sul. Fiquei mais de 25 minutos aguardando atendimento e com 2 funcionários (atendentes desocupados). 2 atendentes estavam dando atendimento e outros 2 desocupados.
Um rapaz da minha frente já havia ido embora (acredito que pela demora) e eu também acabei desistindo.
Desculpe a palavra, mais estou com nojo do atendimento, não prestado, pois nem cheguei a ser atendido. Os atendentes nem sequer pediu pra aguardar. Nada, literalmente nada."
Cobrança indevida,"Estou sendo cobrada de uma dívida de 2012, porém não reconheço esta dívida. Espero ter retorno, caso contrário terei que rever judicialmente."
Cobrança indevida,"Fui abrir o App do Serasa onde consta uma fatura da Claro TV em meu CPF. Fiquei 1hra tentando falar para resolver o meu problema, foi quando enfim, falei com uma atendente que me informou que não tenho nenhum contrato ativo na operadora, apenas um contrato cancelado num endereço que nunca morei, porém, sem nenhuma fatura em aberto. Eu gostaria de a dívida que colocaram em meu CPF seja retirada. Pois nunca tive plano de TV com a mesma. Grata"
Cobrança para mudança de endereço,"A Claro/NET me cobrou R$90,00 por uma simples mudança de endereço. A atendente me informou da cobrança porém no momento não tive escolha e tive que aceitar, mas não acho justo essa cobrança. Quero que a empresa me isente dessa cobrança, diversas empresas tem oferecido o mesmo serviço sem cobrança de instalação."
Consumo de recarga sem usar,"Eu fiz a portabilidade da Tim pra Claro
Motivo eu fiz uma recarga de 20 reais e os crédito sumirão sem ter usado
E não me serão suporte nem conseguia falar com a tendente
Tá acontecendo a mesma coisa
Fiz a recarga de 20 reais fiz apenas uma ligação meu s crédito hoje é de 6.06 e não sei o porquê já desativei dados móveis o 4g pra 3g e continua consumindo meus créditos não sei mais oque fazer já tô ficando sem graça de ficar ligando quase todo dia obridaga boa noite"
Não consigo cancelar,"Ligo para cancelar, fico na espera quando me atendem a ligação sempre cai quando assunto e referente a cancelamento."
mal atendimento e informação,"Hoje dia 09/11/2020 entrei em contato via chat para esclarecer uma duvida no qual gerou o numero de protocolo 2020953485375 atendente Natalino gregorio, onde não me esclareceu nada, pois o que ocorre é um indungencia, o meu plano Atual ele se encerra todo dia 22 e renova dia 23 de cada mês, porem a minha carencia é até dia 26.
Minha pergunta foi que gostaria de mudar de plano e nao gostaria que tivesse proporcional e muito menos a multa.
e como fazer ja que o plano se renova tido dia 23 e minha carencia vence dia 26/11/2020.
Por que se eu decido troca de plano dia 26 para nao pagar multa, pagarei proporcional pelo 3 dias, agora se eu trocar de plano dia 22 para não pagar proporcional, pagarei a multa por ser antes do dia 26.
Fui mal atendido, nao esclareceu o que posso fazer , sendo apenas quero fazer de uma forma correta .. pois nao quero e nao vou pagar por algo que esta errado. Sem contar que esta induzindo o cliente a pagar...sem falar outra coisa. Onde o atendente nao esclareceu minha duvida e assim encerrou o chat
Estou no aguardo de esclarecimentos e de informações e um atendimento decente
Obrigado"
Demora no atendimento,"Liguei para 1052, para reclamar que uma das minhas 3 linhas está sem internet.

Fiquei na data de hoje 21 minitos, escutando mensagem e musiquinha. Desliguei sem atendimento.

Eu, sugiro ninguém comprar telefonia móvel, desta empresinha desrespeitosa."
COBRANÇA ABUSIVA,"Em setembro de 2020 contratei internet para casa com valor de 70 reais , logo aí já começou o problema pois fizeram dois contratos meus 1 para um endereço que eu nem conheço e tive cancelar, chegou em outubro a fatura já veio no valor de R$110,00 mesmo assim eu paguei, agora em novembro estão cobrando R$145,00 , acho isso um ABUSO com consumidor pois vc tem contrato se programa daquilo que vc tem pra pagar e eles não seguem com contrato e ficam alterando valores sem comunicar cliente, realmente um serviço inutil da empresa ! Oque foi contratado já está o dobro do valor em menos de 1 mês e não quero seguir com a empresa."
CLARO coloca meu nome no SPC sem MOTIVO alguem! FALTA DE EDUCAÇÃO COM OS CLIENTES!,"Hoje no dia 09/11/2020, a claro colocou meu nome no spc serasa SEM MOTIVO ALGUM, isso é uma falta de incopetencia da empresa fazer isso, o valor da divida se encotra em R$ 49,99, em um contrato 131813523 numa data de 08/05/2020, certo que desconheço essa divida, fora que sempre usei um plano semanal sem que afetasse meu nome nos birôs de creditos, desconheço essa divida, a data da divida tambem desconheço, isso esta me causando estresse, pois é a 3 que eles fazem isso, pesso que resolvam isso o mais rapido possivel, meu nome é importante pra mim, espero que retirem esse acordo que se encontra em meu nome, pois isso é sem nexo algum uma falta de educação com seu cliente, se não resolverem logo, processarei a empresa, poiscomo dito acima, é a 3 vez que fazem isso, se não resolverem tirar essa pendencia em meu nome, sem nexo algum, procurarei meus direitos."
cobrança indevida claro,"estamos a mas de 1 ano tentando provar que nao habilitamos a linha telefonica , a cada 3 meses a empresa claro manda mensagem falando que estamos devendo, ai ligamos e uma boroclaria emensa para explicar para os seus atendentes, o ocorrido e com isso uns fala que não estão mas com eles e ficam nesse joga joga e ninguem consegue resolver nada.
abrimos varios protocolos e contestação sobre isso e a empresa não consegue resolver.

ai eles peden para ligar nos numeros 3003-8080 ou no 0800280-8080 ai pede para digitar o numero da linha ou cpf e não conseguimos entrar em contato."
Fiz o cancelamento e não foi cancelado!,"Liguei faz um mês para cancelar minha linha telefônica, pois o valor estava sendo cobrado muito mais do que foi contratado , e como não estava usando a internet do celular pois tenho o combo claro Net em casa, quis cancelar somente a linha e ficar com o número para fazer recarga somente, a moça atendente disse q havia cancelado e que seria cobrado só o proporcional aos dias, pois me enganaram não cancelaram nada e ainda aumentaram o valor total do plano desde o móvel até a internet e tv de casa, terei que ir no procon pq a claro não é uma empresa de palavra!"
Contratei 7G + 6GB Aviso de Dados com 2 GB,"A minha linha faz parte de um plano corporativo e já tentei de tudo para resolver esse problema (meu assessor da Claro tentou resolver, eu liguei na Claro 3 vezes) e ninguém achou uma solução. Conforme figuras em anexo, meu celular final 95 tem direito a 7Gb de Internet e mais 6GB, mas no começo do mês quando o celular ultrapassa 2GB já começo a receber o aviso de dados. Liguei na Claro para verificar se é alguma configuração, problema etc e ninguém achou uma solução."
Não consigo ativar o chip,"Na data de 06/11/2020 comprei um chip da claro, até a presente data não consegui ativar o chip, uma gravação pede para responder um quiz que foi enviado para o meu celular, só que eu nunca recebi esse quiz, solicito da empresa claro o estorno do chip com crédito que eu adquiri e não consigo usar."
Claro me cobrando um serviço que nunca tive em meu nome e nunca solicitei,"consta no site serasa consumidor que tenho uma divida de tv por assinatura da Claro TV e que não paguei uma mensalidade, mas eu nunca tive esse tipo de serviço da Claro TV em meu nome em nenhum momento da minha vida

Claro TV
Número do contrato:
02100010763239
Data da dívida:
15/05/2011
Valor original da dívida:
R$ 41,59
Valor atual da dívida:
R$ 41,59
gostaria que a empresa retirasse essa cobrança do sistema deles, visto que nunca contratei deles esse serviço."
Dívida indevida,"Boa tarde, tenho uma dívida indevida da claro na qual estou com o nome sujo no SPC/SERASA, fui descobrir somente após tentar fazer um cartão e constar restrição, nunca tive nada com a claro, liguei pra todos os números possíveis pra falar com eles sobre isso e nada, até que me retornaram me oferecendo os serviços da claro e comuniquei que a única coisa que gostaria é que retirassem a dívida indevida, de onde eu nem sabia que havia saído, me informaram que iriam abrir um chamado e no meio a ligação caiu, não me retornaram mais após isso, a dívida havia sido retirada do SPC/SERASA até hoje eu ver que novamente está constando, não vou pagar algo que não usei e muito menos pedi por isso, então eles retiram a dívida ou terei que recorrer aos meus direitos!"
Internet fixa com quedas constantes e cobrança indevida,"Há dias minha internet fixa da Claro/NET está caindo e fica sem sinal por horas, o que faz com que eu precise constantemente comprar pacotes de internet móvel pro meu celular para suprir a falta (o que, por si só, já é absurdo, pois pago por algo que não consigo usar e tenho que pagar mais ainda em novos pacotes). Na madrugada do dia 06 de novembro, após um bom tempo sem wifi, decidi colocar R$25,00 de crédito no meu celular para poder comprar um pacote de internet, pois não podia ficar mais tempo sem, mas não obtive sucesso. Recebi SMS comunicando falha de processamento e que nenhum valor havia sido cobrado. Tentei novamente, e recebi a mesma mensagem. Para a minha surpresa, quando a internet voltou, verifiquei que havia sido cobrada SIM, consta na minha fatura o valor. Assim, fui comprar um pacote de internet, mas novamente me surpreendi, pois consta que não tenho crédito algum. Estou até hoje sem créditos, e com o valor na minha fatura. Tentei contato via twitter, mas até agora a solicitação não foi resolvida. Desejo o REEMBOLSO imediato desse valor, diante da informação de que eu não seria cobrada (segue imagem anexa) e manifesto que estou extremamente decepcionada com a operadora diante das falhas constantes em seus serviços, dos quais sou usuária há anos. Favor entrar em contato preferencialmente via email."
Propaganda enganosa,"Após receber vários convites, resolvi aderir ao plano de internet no Combo Multi 30GB+30GB+10GB POR R$ 89,90 por 12 meses em meu numero 81994802374 no dia 28/10/2020! No dia 30/10/2020 recebi a confirmação da aceitação do nosso plano! No dia 02/11/2020 encontrei ""jogado no chão do meu quintal"" 02 chips da operadora, num pacote que mandava ligar para o numero 08007236626 para desbloquear os chips! Ao ligar sou informado que o sistema reconhece meu plano Combo Multi e logo em seguida sou informado que não faço parte do plano Combo Multi! Entrei em contato com o 10621 no mesmo dia e abri uma reclamação n 136203355636249, o qual nunca foi respondido! Solicito providências urgentes, pois por causa dessa negociação estamos perdendo outras promoções da concorrência!!!!!"
A Claro promete cancelar o meu plano da Vivo ao fazer a migração,"Essa foi a reclamação que eu fiz na Claro e reposta deles :

Boa tarde. Cerca de um mês atrás mudei a minha internet fixa de Vivo Para a Claro. Na ocasião o representante de vcs me disse que eu não precisaria cancelar a Vivo pois isto seria feito por vcs. Este mês recebo a fatura da Vivo, entrei em contato e me confirmaram d que não houve cancelamento algum. Por favor regularem a situação com a Vivo pois essa fatura der novembro é indevida mas só vcs podem resolver. Tive que entrar em comtato com o seu atendimento telefonico que é péssimo. Paasei quase 10min na URA até conseguir falar com um antendente que não conseguiu fibalizar o atendimento pois a linha caiu. Liguei de novo, mas um tempão até conseguir falar com alguém,. Atendente me fez repetir a história umas 3 ou 4 vezes e insistia em falar do meu celular quando deixei claro que não era esse o problema. Eu gostaria muito de fazer uma reclamação sobre o atendimento dela. Tentei o atendimento da ouvidoria pelo Sute que também não funciona, não consigo nem logar. Tentei também pelo whatsapp mas não tem a menor condição de um atendimento desses. Hoje entrei em contato com a ouvidoria pelo telefone e não pude ser atendida pois não tenho protocolo doas atendimentos que ocorreram no sábado através do 11982093035 entre 14h e 15h. Já estou informando os dados da ligação para que vcs possa recupera-la. Não tenho a data exata de quando eu tive o primeiro contato, quando eu migrei para a claro. Vocês precisam muito melhorar o seu atendimento !!!

A resposta :
LUCAS VINICIUS FERNANDES PIMENTEL

Atendimento Claro

Não responda a este e-mail. Esta é uma mensagem gerada automaticamente. Para entrar em contato conosco, acesse novamente o nosso site, clique aqui . Você sabia que através do App Minha Claro Residencial é possível solicitar a 2 via da fatura, alterar a senha do WI-FI e agendar visita técnica? Baixe agora mesmo o App através das lojas App Store ou Google Play Store

Ou seja, o consumidor que se lasque, falamos mesmo o que queremos para fechar um contrato e depois mandamos um ""se vira com a Vivo"" pra vc"
Cobrança de Visita Técnica mesmo com problema no roteador,"Meu contrato claro: 389197164

Minha internet estava apresentando problemas de conexão, sendo que conectava porem não mantinha a conexão, sendo que logo caia. Após tentar reiniciar algumas vezes o aparelho roteador e nao apresentar melhor, solicitei visita técnica da Claro, e quando o tecnico veio, ele mesmo constatou problema no roteador, inclusive saiu e trouxe outro roteador novo, nao sendo nenhum tipo de problema causado por mim, e sim por um problema de funcionamento do aparelho. Mesmo assim, ao receber a fatura deste mes, recebi a cobrança de R$90,00 ref a visita tecnica. Ao entrar em contato pela Net Claro pelo TV (protocolo 003204691070457, fui informada que o tecnico informou que nao encontrou problemas, e por isso fui cobrada, e que mesmo apos meu retorno sobre o erro de cobrança, o valor nao permite recurso de analise, nao havendo solução. Acredito que no histórico do processo, pode-se verificar troca do aparelho, e nao por uma decisão minha, sendo assim, solicito estorno do valor cobrado."
PAGUEI E NÃO TIRARAM MEU NOME DO SERASA,"BOM ! ESTAVA COM O NÚMERO SUJO NA CLARO.
NO MÊS 3 DESSE ANO PAGUEI EXATAMENTE TODAS AS DÍVIDAS QUE CONSTAVEM NO MEU SERASA . E ATÉ HOJE NÃO SUMIU. E SEMANA PASSADA APARECEU OUTRA CONTA ATRASADA NO SERASA . ISSO É UMA SACANAGEM . EU JÁ PAGUEI TUDO O QUE DEVO . MEU DEUS DO CÉU EU VOU TIRAR DINHEIRO DA ONDR PRA PAGAR O QUE EU JÁ PAGUEI . TIREI DINHEIRO DA ONDE EU NEM TINHA ."
SIM não aprovisionado,"Comprei um chip da claro e está dando um problema. Na mensagem fala chip não aprovisionado.
Já testei em outro celular e o erro continua. O que fazer?"
"Um lixo, fazem de tudo para você nunca chegar ao atendente","Esse serviço é uma palhaçada, forçam você a ficar ouvindo horas e horas de propagandas e informações inúteis não solicitadas, sendo quase impossivel chegar até um atendente.

Vocês não têm vergonha de fazer isso com seus clientes?"
Cobrança indevida,"Estou a meses tentando falar com a Claro sobre minhas fantasias que estão vindo com o valor errado. Todo mês as fantasias vem errado, eu ligo eles falam que vai arrumar, ai a fatura vem novamente errada. Todo mês eu tenho que passar por isso, e já estou de saco cheio porque eles estão fazendo pouco caso comigo. Tenho a claro por anos e estou atualmente muito decepcionada porque nem os atendentes estão fazendo um bom servico. Falam que já resolveu meu problema e valor continua vindo errado."
CUIDADO COM ESTA OPERADORA CLARO,"boa tarde senhores eu Orlando pereira ,morador da rua João envie lie n 876 CPA 2,venho respeitosamente solicitar de vossa senhoria explicação dos fatos do desligamento da referida linha 65-92823636 que era plano controle no valor de 31,60 mensal ,ocorre que a referida linha foi solicitada portabilidade da operadora claro para a referida operadora OI onde segunda a operadora oi não foi autorizado pela claro a portabilidade que da direito do consumidor escolher sua operadora para a portabilidade ate mesmo na época o mesmo não tinha e não tem nenhum debito com a mesma para não ocorrer os fatos pedido de imediatamente a referida operadora enviou ao cliente uma conta de multa contratual no valor de 303 reais MULTA, que o mesmo não deve por ter o referido plano a mais de 3 anos, também diante disto enviarão junto a fatura num total de 64,99 reais com vencimento dia 09/10/2020 como bom cliente desta operadora solicito a suspenção destas cobranças ilegal e solicito todas as gravação de contatos em sistema da operadora claro que envolve esta linha entregues em cd via carta registrada no endereço de registro da mesma para fins de acionamento na justiça contra a claro por colocar a linha no plano pre pago e cobrar por multa e valore de 31,60 mensal de linha sem funcionar e cobrar a multa de 303 reais como bom cliente solicito cancelamento destas contas enviadas e confirmação junto a este protocolo aberto na ANATEL das confirmação e solicitação de cancelamento de multas e cobranças, solicito também a resposta porque não foi feito a portabilidade e liberação deste numero 65992823636 para a OI pois preciso deste numero habilitado em outra operadora para contatos de familiares e amigos ,habilitação da linha no plano antigo sem multas por erro desta operadora conforme podem verificar nas gravação das mesma solicito diante mão entrar em contato comigo Orlando pereira no telefone 65-984361491 urgente para esclarecimentos do pedido nesta registrasse e cumpra-se urgente os pedidos dos fatos aqui solicitados nesta."
Serviço não prestado,"Tenho uma linha pós paga, ao qual estou tentando usar o dia todo de hoje. Não consigo fazer ligações e não tenho acesso a o meu sinal de Internet móvel, meu boleto está pago em dia e para minha surpresa ao conseguir entrar em contato com a central de atendimento agora no início da noite a operadora está o dia inteiro sem sistema. Diz ela que fez uma atualização mas até o presente momento após 2h nada resolveu e o pior o serviço pago e não prestado pela operadora não haverá desconto desse período sem acesso porque a OPERADORA ESTÁ SEM SISTEMA. E eu como consumidora que me vire né. .afinal meu boleto já está pago e eu que me vire sem o serviço prestado."
Cobrança de janeiro/2020,"Senhores
Tenho o app do Serasa e hoje para minha surpresa indicou que a Claro tem uma oferta para eu quitar uma suposta dívida de fatura vencida em 20/01/2020 no valor de R$114,98, mas negociando direto com a Serasa sai por R$74,74.
Ocorre que desconheço essa dívida, e mesmo que ei estivesse devendo certamente estaria sem sinal.

Solicito esclarecimentos."
Cobrança Indevida,"Em abril cancelei minha conta pós pago com a empresa Claro, antes no período de um ano. Fui informada que a partir do cancelamento não seria descontado nenhum valor, a não ser a multa contratual que chegaria um boleto na minha casa.

Pois bem, em maio foram descontados no meu débito automático um valor de R$ 50,00, quando liguei falaram que era o valor correspondente a multa.

Agora em novembro comecei a receber ligações e mensagens de regularize seu débito.

Liguei no setor de dividas da claro e fui informada que trata-se do valor da multa contratual em meados de maio que não foi paga.

PREZADA CLARO, NUNCA CHEGOU EM MINHA RESIDENCIA O BOLETO PARA O PAGAMENTO DA MULTA, E MUITO MENOS NO MEU E-MAIL, agora passou 6 MESES, vieram a cobrar um valor de R$ 126,00 reais.

A empresa agiu totalmente de [Editado pelo Reclame Aqui] , logo não foi encaminhado nenhum boleto e por passar 6 meses para cobrar o inadimplemento.


Gostaria de realizar o pagamento da multa sem acréscimo de correção monetária e juros."
Cobrança indevida,"Tinha uma assinaturas do claro residencial na qual me dava um desconto num plano móvel,decidir cancelar o plano residencial,liguei na claro,os atendentes me garantiram que o meu plano móvel não ia alterar,alguns dias depois veio a fatura com o mesmo valor,pq os atendentes nao me informaram que eu perderia o desconto ?"
sem solução,"Sou responsável pelas faturas de minha esposa do plano da claro, eu me equivoquei quanto à fatura de Outubro, no valor de R$56,99, pois paguei uma fatura com vencimento em 12/10/2019, no valor de R$31,99, pois só observei data de vencimento, agora paguei fatura atrasada no dia 06/11/2020 no valor real de R$56,99. Já,enviei comprovante para o email que me indicaram, para saber o que será feito sobre o crédito que ficou de R$31,99, mas até agora não obtive resposta. Quanto se trata de atraso no pagamento, ficam toda hora perturbando sobre à fatura que não foi paga, Agora que tenho crédito para receber não se manisfestam."
Não consigo cancelar.,"Eu estou tentando cancelar plano pós pago, mas informam sistema fora do ar. Duas vezes!
Ao trocar de aparelho precisei tranferir meus dados para o nano ship. Fui até um posto perto de casa, mas a atendente recusou minha carteira de identidade. Não tenho tempo para trocar de documento e além disso, já estou usando o aparelho novo (precisei comprar ship novo, outro número de telefone, para conseguir trabalhar). Desconfio de que ""sistema fora do ar"" seja desculpa para me enganar."
Me impuseram duas linhas dependentes sem eu saber,"Em abril de 2019, fui ao Shopping Morumbi comprar um aparelho celular. Ao fina da compra, a vendedora (ambiciosa e com má intenção), me falou que eu havia ganhado dois brindes mas teria que assinar os dois documentos. Em minha ""ingenuidade, e na credibilidade da vendedora que já que ela havia falado que eram brindes, assinei. Na ocasião, pensei até que fosse um caneta e/ou uma caneca, mas nunca imaginei naquele momento que se tratava de aquisição de duas linhas dependentes.
Para minha surpresa, quando a conta chegou no mês de mais de 2019, veio a cobrança das ditas duas linhas dependentes. Fiz reclamação na operadora claro, a única reposta que eu havia confirmado a compra.
EM Setembro de 2019, reclamei novamente que as duas linhas ainda vinha sendo cobradas. Falei novamente que as linhas ainda estavam lacradas, até poque só tenho um aparelho. Indaguei a operadora o que eu iria fazer com três linhas, já que eu possui somente um aparelho. Em uma das ligações, tive a pachorra de ouvir se eu não teria alguém para eu dar a linha. Neste ínterim, a operadora me ofereceu um desconto, perguntei se as linhas seriam cancelada. Com muitas dores de cabeça e aborrecida com o comportamento que essa operadora me enganou. Pois me sinto [Editado pelo Reclame Aqui], prejudicada e enganada,agora em Outubro recebo novamente a cobrança das duas linhas dependente."
retirar equipameto,"vários protocolos de retirada de equipamento.
954202788916268
954202784011270
954202782128183
954202783951894
954202821693361
Perdi conta de agendamento para retirar equipamento. quem sabe agora resolvem levar este equipamento. cod. 954/001050609"
Claro não quer desbloquear meu chip,"Eu acidentalmente bloqueei meu número sem querer. Estou tentando ligar,para eles ninguém me retorna, ou procurar resolver meu caso não irei pagar por um chip que está bloqueado e que não estou acessando internet, e nem ligações por que eles não querem desbloquear. O telefone para eles entram em contato é 21966054088"
Acionamento do Chip,"Realizei o acordo as parcelas do meu plano da claro desde do dia 04/11
A claro havia bloqueado o meu chip por esse motivo, assim que realizei o pagamento entrei em contato e informei, me disseram que assim que o pagamento fosse constado, o chip seria reativado.
Hoje já 09/11 e até o momento o meu chip não está funcionando. entrei em contato na central de atendimento ás 14:30, onde a atendente Cassia informou que dentro de 1 hora o meu chip já estaria funcionando o que não aconteceu.
Em fim preciso do telefone para trabalho e até o momento a claro não resolveu o problema."
Foi feita uma venda casada de internet e tv para meu pai idoso.,"Meu pai, um senhor idoso foi enrolado pela telefonista para comprar um combo de internet e tv, a vendedora justificou que não poderia vender só a internet. Sendo que ele queria cancelar o telefone fixo. A mesma enrolou e fez meu pai comprar o combo de internet e tv. E pagar mais caro, do que pagavamos antes. Ele ligou muitas vezes para cancelar. Ainda assim o telefone fixo demorou para ser cancelado, e a tv só pode ser cancelada se pagar a multa de fidelidade, sendo que ele não foi informado disso. Protocolo de atendimento 3499579409."
